ELAPSED_SECONDS,GEODETIC_POSITION_LAT,GEODETIC_POSITION_LON,GEODETIC_POSITION_ALT,EARTH_ATMOSPHERIC_DENSITY_EXPONENTIAL
+0.000000000000000E00,-8.000000000000000E01,-1.800000000000000E02,+2.500000000000000E05,+7.248111224828494E-11
+0.000000000000000E00,-8.000000000000000E01,-1.800000000000000E02,+3.500000000000000E05,+9.517999999999950E-12
+0.000000000000000E00,-8.000000000000000E01,-1.800000000000000E02,+4.500000000000000E05,+1.585001089985525E-12
+0.000000000000000E00,-8.000000000000000E01,-1.800000000000000E02,+5.500000000000000E05,+3.182782468760044E-13
+0.000000000000000E00,-8.000000000000000E01,-1.800000000000000E02,+6.500000000000000E05,+7.249002962964602E-14
+0.000000000000000E00,-8.000000000000000E01,-1.800000000000000E02,+7.500000000000000E05,+2.056298532506009E-14
+0.000000000000000E00,-8.000000000000000E01,-1.800000000000000E02,+8.500000000000000E05,+7.833688833568493E-15
+0.000000000000000E00,-8.000000000000000E01,-1.800000000000000E02,+9.500000000000000E05,+3.979309998670063E-15
